uniform,normal,standard_normal,x,y
0.141698533,6.7818420177,-0.2756785817,59.4058462249,188.8391457663
0.7808997335,12.3257064074,-0.2490494227,64.4039519981,203.9666088809
0.1825078968,7.2824530688,0.7032046177,67.3096604932,217.4450045683
0.2303497649,7.7869136114,0.0162092087,56.7067125768,182.2011837739
0.553293993,10.4019641877,0.5818803451,62.1674978814,201.4118953698
0.9382299834,14.6202501069,-0.308861154,62.4419817098,197.7816393593
0.7808308008,12.3250064027,0.5964492496,58.5109348974,190.5150509405
0.4744467919,9.8077112352,1.4960297007,58.1491016229,193.927453372
0.2055501509,7.5341233687,0.3191890356,62.603811957,201.4073810493
0.948043088,14.8785053747,0.7306112288,62.2190417441,202.3101813762
0.3900668821,9.1625658372,-1.7892743889,66.3947524791,202.2378854926
0.22657483,7.749476726,1.1830760775,62.1379334721,204.3291808037
0.7108349835,11.66747702,-0.1832035711,59.0204396661,188.1453011428
0.4680144712,9.7592142346,-1.0555945642,61.1508187818,190.1744835243
0.721878256,11.7652909749,0.8007092072,62.5626211082,203.6914093606
0.0559936874,5.2320294849,0.6676440194,61.1157701882,198.6855306615
0.083242086,5.8492313704,0.5090486276,62.7615128194,202.8297815964
0.8639219345,13.2943322554,-0.1395697476,63.9230935076,203.071431785
0.5524142219,10.3952897468,-0.1271794789,59.6556696224,190.3311114729
0.9927354297,17.331723281,0.5335931532,57.324005656,186.6399827341
0.9261058907,14.3421647081,-0.0272094739,63.3593653375,201.9420486429
0.8119766689,12.6556117393,-1.486186852,67.5334441794,207.1693982786
0.449684897,9.6206275188,0.5396161307,67.114329567,216.0410693545
0.1913886396,7.3816285033,0.2551395946,56.2671289947,182.0770849571
0.6669015861,11.2941204482,-0.3228588934,58.3518788688,185.4413421397
0.333400798,8.7083747196,-0.3217922048,62.1958803991,196.9786801732
0.6344960008,11.0313549336,-0.4292768654,59.5546224501,188.517483023
0.3860879254,9.1314100981,0.3210261656,62.3369394977,200.6159493209
0.1987747827,7.461982905,-0.847063726,63.4105345348,197.9962849743
0.0988638904,6.1358432953,-0.7110523233,60.2445607979,189.1784207771
0.3445341887,8.7996409915,-1.5977492106,58.5421531465,179.6377133863
0.9616150132,15.3092288118,-0.526246207,62.4091512254,196.5962226411
0.4902125131,9.9263918411,-0.1992313029,63.5194255303,201.5621200767
0.5001787795,10.0013444011,-0.2148001169,64.2465553617,203.6656655007
0.5893037061,10.677262649,-1.1045163089,60.5360917859,188.0856938135
0.2694550401,8.1566140172,0.6405095648,65.6293759052,212.0906755397
0.2513844748,7.9895818903,-1.2319581972,53.6349563723,166.7450781309
0.9682814784,15.5683476298,-0.312137331,59.318798909,188.3957100722
0.8517268745,13.1316053882,1.1161299548,60.9140124271,200.3226870552
0.5549683855,10.4146726031,-1.2804326761,58.4067201143,180.8179969623
0.1598286906,7.014513389,-0.441841981,58.7752374932,186.1165025744
0.8272380263,12.8299207011,1.6848393265,60.3904784989,201.595632129
0.1119959843,6.3520554939,0.3375407354,62.3519997297,200.7437028662
0.9008318735,13.8589183129,0.1840629556,63.1313936903,202.314495849
0.0401371401,4.7527094589,0.6374406883,61.4076876871,199.4102665029
0.8435865089,13.0279237646,0.797728778,60.1639622303,196.4805305807
0.8093204098,12.6261841118,0.4479644154,61.3348134478,198.2442624203
0.0746533889,5.6740468357,0.1980151971,60.3875056628,194.152592974
0.248772329,7.9649256484,-0.1114154933,66.3591072996,210.5202444324
0.9428538247,14.737571732,-0.8381289043,66.0457369566,205.9465663483
0.1052870974,6.2440356556,0.1617596388,68.4735901052,218.2295685097
0.5128772175,10.0968520139,-1.5932499538,64.1503851569,196.4849057017
0.5333131717,10.2508030575,0.3669299296,59.5118166153,192.3700994937
0.6301322815,10.9966111516,0.0076145948,61.8418164205,197.5635222354
0.1189136261,6.4586950282,0.0297815101,65.6780302211,209.182998214
0.8984587262,13.8184547167,1.0883223562,57.2012268661,189.0452923793
0.7688926547,12.2056148214,0.3501072304,66.2945359092,212.6341438796
0.0319599998,4.4417876535,-1.4527786874,63.9508544316,196.5886698578
0.9621163977,15.3273760393,0.7642416596,62.4738816784,203.2428533331
0.8377267478,12.9554737746,-0.1349461226,55.0489565445,176.4721390207
0.4899323755,9.9242845858,-0.823530054,56.0318982617,175.9780445151
0.5598155886,10.4515050501,0.4638039043,60.079236545,194.5567291567
0.2369256578,7.851319592,-0.5715935744,63.8914487256,200.816378305
0.748300002,12.0074490664,-0.9902972569,62.3477138237,194.0916551865
0.7103359678,11.6630994274,-0.246555741,60.908342892,193.4922499712
0.8781287209,13.4970495769,-0.1894899639,59.9513979938,190.9067441618
0.6547130174,11.1942288126,0.1413212263,58.9933202726,189.6865669491
0.2393166739,7.8744929237,0.6201956663,63.1983256217,204.6959551964
0.8891106334,13.6654359712,-0.0900083541,57.6818090979,184.5953855229
0.6106178006,10.842788793,-0.2557265505,67.688599872,213.7871668633
0.3420155214,8.7790941684,-0.34264325,61.1795688669,193.8254903508
0.6811600632,11.4128355806,-0.8621804714,60.6444139315,189.6223394376
0.7694344399,12.2109567324,0.7984820887,56.4249965253,185.2674000192
0.8837002874,13.5810686853,-0.3865113296,59.8388215622,189.5839080385
0.0064956443,2.5479759781,-0.6618527719,61.4402055919,193.011352916
0.0007075779,0.4253742952,0.5334669648,65.2265357799,210.3469421635
0.654984928,11.1964424744,-0.7115627415,61.7032411447,193.5519097264
0.5977850389,10.7428542332,0.0256340765,63.2799543437,201.9680334138
0.9091893269,14.0073385848,-1.6850981465,57.5946640789,176.358501504
0.756406405,12.0843686886,0.2800831648,61.547479711,198.0428549569
0.5971959217,10.7382870808,1.1072690228,62.6311920352,205.4299212198
0.0327655859,4.4751485749,0.3205971629,53.0696942591,172.8120685918
0.4586324426,9.6883611581,0.2578029944,60.3708992895,194.4017128409
0.3651210552,8.9655895346,0.4624233447,50.0950788128,164.5973531617
0.9102439599,14.0267765557,1.4839334479,60.1937676354,200.0009701456
0.9969370379,18.2228916334,0.8128188429,60.7989145277,198.4608377977
0.3827141686,9.1049196949,-1.9168105365,62.3840085536,189.5679729784
0.7450677732,11.9771462996,-0.0538044225,59.2449259396,189.4657557063
0.0355597516,4.585859058,0.2803776782,57.9804388714,187.3432050051
0.1703297198,7.1414107074,1.8046096686,66.751690893,221.2781210218
0.8058121533,12.5877003852,0.0846171614,60.6182575155,194.2778583533
0.9599345315,15.2497805476,0.6176744958,66.5199962049,214.6483610939
0.1163245318,6.4193118364,-0.2107615017,62.4718732464,198.3618122304
0.2870688562,8.3140955183,1.0286502774,67.3609981828,219.2262459358
0.5770472782,10.5830361829,-1.734405226,69.8657634964,212.9252643591
0.8110114804,12.6448893744,-0.4101999012,63.0565931103,199.1187798249
0.7960440947,12.4827219325,1.1857634091,61.8643453363,203.5218530546
0.8619254834,13.2670330123,-0.8431350257,61.5715897679,192.4990941754
0.7719147804,12.2355026398,-0.8968267207,59.1727825566,185.0342140665
0.8611051915,13.2558945046,-0.1586344903,62.2039578744,197.8187011717
0.1221890822,6.5076605811,0.1602445152,60.4296657119,194.0902197118
0.2300821394,7.7842708967,0.1334092803,65.2303656183,208.3581432563
0.7331557849,11.8671564196,1.2560673295,63.0331179498,207.3796904969
0.0352835809,4.575241551,0.4940061227,63.4800583361,204.910205622
0.0551605036,5.2097441053,-0.3778029202,64.0861168628,202.3693359874
0.8294140389,12.855556731,0.2676786521,59.9708416561,193.2509182287
0.7598182762,12.1171543722,-1.471070358,60.475400469,186.070849617
0.8040168709,12.568170965,0.2395498608,65.4032618794,209.4075349424
0.1064481153,6.2630770623,0.0055452658,63.2856487017,201.8846724341
0.3259335137,8.6464899903,2.4724178122,64.8151261093,218.807467389
0.4709774447,9.7815608621,1.82654135,56.4654758902,190.5291344208
0.3926537775,9.1827730067,1.1166694193,62.7013565709,205.6874168094
0.7164492765,11.7169766343,0.5641417705,59.7850689699,194.1759157623
0.8102854835,12.6368464239,0.6614361565,59.6679761523,194.3111092392
0.2808527737,8.2590698325,-2.019183158,63.7718434172,193.2196144617
0.1419332791,6.7849785034,0.3412487642,59.4158633625,191.9538339082
0.4617216648,9.7117082279,0.1626307248,54.4070358759,176.0342612516
0.6470088759,11.1317725181,0.7223742716,58.1314495068,190.0062198785
0.8571588614,13.2029243592,-2.365998733,61.2818393057,184.0155242521
0.8040367938,12.5683870919,-0.9110440518,61.9101381624,193.1751942281
0.0447418205,4.9056165587,-2.8103074002,56.3950893558,167.1337310665
0.0840706849,5.8653982742,-3.0000724494,61.2818627451,180.8452259881
0.7743701932,12.2599501614,-0.2476524695,55.2616888877,176.5468043155
0.5924181803,10.7013096192,-2.8080547742,61.5764107213,182.6889582925
0.9743865405,15.8487218937,1.8328305652,62.4817002356,208.6092535327
0.4452831096,9.5872366801,0.071650986,60.1455177213,192.7948080942
0.8437984497,13.0305773202,0.7335873981,68.3165685973,220.6176427828
0.760883658,12.1274437805,1.0574995887,65.0788521067,212.5240542635
0.9827382579,16.3417114113,-1.2543634192,59.8660247484,185.3262571492
0.7100878556,11.6609241918,1.4994044814,59.7195706353,198.6557343127
0.0884071877,5.9481136472,-0.5451219373,61.3765189575,193.4039471859
0.2395917496,7.8771507691,-0.9073195154,63.5420247034,198.0894765333
0.250639166,7.9825607714,-0.1441151402,58.0268443368,185.3599573091
0.9770818893,15.9906951896,0.8659602417,61.4644477913,200.7231445824
0.9275733253,14.3738606222,-1.3018198186,63.5596451823,196.1698364542
0.7915021423,12.4349331536,0.3205470832,62.8111110699,202.0360686256
0.4632973229,9.7236095939,-0.2780759302,66.0490260197,208.7566984082
0.7137422757,11.6930522535,1.2092509331,56.023303959,186.1161665427
0.4429703646,9.5696725354,1.6818492538,67.7856626755,223.7662342955
0.3407642145,8.7688649649,0.1359736008,56.1726103256,181.197698981
0.8830615238,13.5712936291,0.2559391867,63.0664288949,202.4789826179
0.7297331234,11.8360181575,-0.2205111415,68.0165840034,214.9471963023
0.7698651808,12.2152087717,-0.1898884539,65.762041327,208.3366817114
0.2277995567,7.7616607837,0.5969732447,63.2535357461,204.7454734615
0.8758523173,13.4634990716,0.4519983086,66.809024554,214.6870652047
0.5196764753,10.1480248697,0.1083020556,69.9872102194,222.5031409361
0.1898855804,7.3650459485,0.0739896269,57.5052603007,184.8857290369
0.7610131551,12.1286961631,-0.5562999996,64.2072961745,201.8403885255
0.7949944253,12.4716220294,-0.3360715244,67.9828495223,214.2681909447
0.9543300942,15.0651164723,-0.9112902306,60.8541779679,190.006082751
0.0590884201,5.3125840408,0.6801810009,62.388964576,202.5677987325
0.9284476277,14.3929796679,-0.5140916785,69.9040790343,219.1417787103
0.9338464933,14.515199117,-0.1734395785,65.634097788,208.0350954714
0.2686756989,8.1495306278,-1.5824362235,61.3884957039,188.2533059941
0.3767222955,9.057698031,0.0342809529,66.3185740037,211.1271267757
0.7988334263,12.5123848296,1.3143273016,60.6228006827,200.4400385561
0.6015029368,10.7717175933,-0.1246243596,72.5599399089,229.0566979288
0.6332872403,11.021717163,1.8285853061,59.6053753089,199.9590524571
0.6372420331,11.0532895796,1.4492308425,65.2323266667,214.9431342126
0.5620585713,10.4685715276,0.8947769326,59.4710513105,194.8870385944
0.3572192155,8.9022949128,0.2185288225,56.2733064513,181.9125634666
0.3310482078,8.6889382295,0.4871294848,65.7260956919,211.6139344997
0.0585368283,5.2984732567,0.3220093708,58.769044846,189.9171813919
0.6619808641,11.2536259851,0.2416797803,60.8290252771,195.6954747332
0.3675831514,8.9852161724,-0.5366537477,51.5567451291,163.9869666488
0.0173562521,3.664911014,0.196881235,63.4174684911,203.2368116482
0.8169036524,12.7108839648,-0.299422916,71.0842550522,223.7556505765
0.3107976909,8.5192283743,-0.7691052527,67.9594962836,212.032962587
0.4611348163,9.7072744549,0.1817945172,57.9388188482,186.7254291306
0.8961189021,13.7792281047,-0.6453957975,61.9712332008,194.6867206149
0.8596220422,13.2358683826,1.4470992426,63.5688462463,209.9420349521
0.4142300838,9.3499693622,0.1183173961,58.5166524925,188.1415444581
0.4368102776,9.5228160131,-0.0484008175,61.1720872045,195.2742575262
0.9394376439,14.6502100421,-1.1335585735,63.9721942674,198.2487899345
0.1072482213,6.2761121687,0.1290665723,62.6812679425,200.6891366891
0.5036835326,10.0277001344,-0.5451488044,58.8518511835,185.8298095282
0.4030235847,9.2634142129,-0.1683522767,68.1695151922,215.6667841934
0.4336661058,9.4988557359,1.1528489892,56.6667807402,187.7645871666
0.5965043905,10.7329281412,0.8459232637,60.8749850491,198.854571466
0.2609356712,8.0786096429,-0.8604612193,66.0866448742,205.9576285259
0.7126546586,11.683470255,-0.7498308494,60.8139332417,190.6926454784
0.8020638819,12.5470488251,0.1003612987,72.0820042818,228.7478193391
0.040010205,4.7482970201,-1.0945941007,63.0629933096,195.7160094255
0.9612680015,15.2967818266,-1.0703389254,65.3700915444,202.7585800063
0.5816943026,10.6186894627,-0.9092567973,59.8514699558,187.0081258811
0.307918543,8.4947231246,-1.3615351757,60.3854901636,186.3487946123
0.235651457,7.8389177707,0.956115061,58.0786848501,191.0166298555
0.9278121472,14.3790654812,1.2596030913,63.6502117995,209.2486508551
0.1445565147,6.819791811,0.0515519895,60.2020584919,192.8639354231
0.8248457117,12.8019727611,-0.1015296625,69.1543208496,218.9553142362
0.4556031239,9.6654484783,1.4039118694,58.2792181277,193.8572137301
0.3386702407,8.7517149708,-1.0580126793,59.2398733388,184.4295566198
0.2138927386,7.6210394131,-1.3467328782,70.156943356,215.7371656772
0.920756927,14.2305440018,0.4186350987,63.5382062091,204.7077941208
0.8851294499,13.6030781215,0.3145278973,65.2109968244,209.2056299596
0.2404865082,7.8857846403,0.3463324487,63.6709606445,204.7445441767
0.0327579239,4.4748344797,0.5682657258,63.1420535841,204.2674893811
0.9666911447,15.5027334597,0.973532096,56.7449187027,187.1024165881
0.4108494117,9.3239184451,0.4001647828,60.6606419522,195.9827497706
0.9039015684,13.9123231058,-0.1860738457,58.769584689,187.3783848383
0.1127818385,6.364401985,1.1334596532,60.168748509,198.1735437929
0.5426381673,10.3212469889,1.6823461154,64.0178741064,212.4653528961
0.3754558149,9.0476873941,-0.5858599888,54.109965836,171.400597564
0.7250829067,11.7940258364,0.9958124853,63.4067470284,207.1993035118
0.0761440154,5.7055111439,1.0389505143,60.0582618452,197.3695381069
0.8380053774,12.9588796646,-0.701106836,63.8415626769,200.0191538509
0.8683065351,13.3552651057,1.5335220766,57.2874307233,191.5299025529
0.534539147,10.2600557318,-0.1536276652,58.3150289334,186.1769484744
0.8907407674,13.691431556,-1.6017998239,64.2745776719,196.814733896
0.2167553289,7.6504050224,2.2627125066,56.2655412362,192.1101862416
0.5941510003,10.7147082218,1.012860072,66.4107541399,216.2965627796
0.0562432364,5.2386532991,1.1262209208,59.5606961346,196.3131930076
0.2958740515,8.3910864217,0.6081615881,59.754132961,194.3032068233
0.0264552673,4.1930488382,-0.7495988472,60.0670926277,188.4532836469
0.6679063733,11.3024180446,-0.6488896048,60.1458482118,189.1930966112
0.0486101448,5.0245550681,0.4883761781,60.1384770567,194.8573120604
0.1009645613,6.1717759728,-2.0715588398,54.7557716385,165.9095207169
0.1716754669,7.1573048981,0.5391028928,58.3542847543,189.7583687267
0.5025046715,10.0188349646,0.5386423206,62.1131890756,201.0327788298
0.2567043672,8.0393824375,-1.2138220803,56.802581976,176.3386355267
0.7493822952,12.0176415652,0.1993262094,61.8840858431,198.6488885764
0.68571549,11.4512258395,-1.5897549507,60.4646411409,185.4451486692
0.134676982,6.6863454132,0.0891439107,63.3560103555,202.5137506198
0.8655878024,13.3173216952,0.5193196077,61.0486811813,197.7426415824
0.8260180883,12.8156383818,0.5196540776,64.9153025602,209.3441780683
0.8526745748,13.1439202789,-1.4362369813,65.78192325,202.1645848436
0.6591522882,11.2304520158,-1.0512828824,63.2748866593,196.5682455661
0.8137336047,12.6752173013,-0.796235595,64.3961102223,201.207152692
0.7428077303,11.9560773512,-0.7130287892,64.1366725772,200.8448737854
0.2254695117,7.7384486346,1.8143232738,63.6449434705,212.0064467807
0.7822077817,12.3390135915,-0.2751469278,61.9897159855,196.5934133176
0.5529525236,10.3993733731,-1.1606158985,58.2844664228,181.0503197758
0.8423159919,13.0120659585,-0.9008331799,64.3317868922,200.4911947771
0.3125945739,8.5344721334,0.0800827827,60.6999285982,194.500199708
0.898980086,13.8272846101,-1.2278356863,60.5483171289,187.5057729549
0.1978350596,7.4518612991,-0.0722399808,64.0817253746,203.8839762199
0.485585928,9.8915842446,-0.8747536517,57.9884187615,181.5914880261
0.0593522263,5.3192962091,-1.1662263385,61.1060052641,189.4868840998
0.9257426166,14.3343925727,1.014317318,65.8266255735,214.5514633107
0.7548714841,12.0697002104,0.1185444868,59.6271994754,191.4743208604
0.3708225326,9.0109730921,0.1723237455,68.0882271451,217.1263001628
0.9276433145,14.375384594,-0.4761916512,53.4426849524,169.9470966013
0.8546505289,13.1697687126,2.0051217082,61.6557802219,206.9929492068
0.9805742062,16.1972660015,-0.9619914922,62.1226036164,193.5578533882
0.2818723901,8.2681353846,0.335947934,66.4427053121,213.0078556063
0.0784663148,5.7536093645,0.0930685013,69.0757379245,219.6925562801
0.6721415173,11.337502808,0.2590170857,64.7917700164,207.6703954777
0.1225288287,6.5126864588,1.9188147698,57.4053227362,193.8100420577
0.7251632416,11.7947482767,0.6368442031,56.1082124777,183.5088584485
0.7398695026,11.9288294236,0.9414893154,49.5111210603,165.2408097579
0.0131778996,3.3372142674,-0.8316092918,68.9180252687,214.5960293474
0.0381029937,4.6805886237,1.7757936568,62.6984047574,208.9741825561
0.4063170082,9.2889119323,0.1149385155,58.1537784749,187.036028002
0.5174631304,10.1313626953,0.1797341138,57.118040087,184.2527908299
0.287895056,8.3213662444,-0.9269606459,68.2204464606,212.0265361523
0.0814551825,5.8139504365,0.1738374498,65.1532123727,208.328824367
0.3344677323,8.7171715676,1.0571330937,58.9140055391,194.0276820858
0.1270408954,6.5785269328,-1.2677086459,65.235384417,201.3676100217
0.2749311947,8.2061009646,2.216382579,56.4607970088,192.4643039212
0.4942113473,9.9564684709,-0.7859563691,56.8548699949,178.6348281392
0.3562778055,8.8947219897,0.9021181444,61.3893216375,200.6785556343
0.4365809374,9.5210693642,0.3493262555,60.7123615579,195.8837159513
0.0541726532,5.1829745833,0.6186107548,59.0465458969,192.2326914648
0.8603807355,13.2460945153,1.1181224947,61.6370421944,202.5017390565
0.9309721068,14.4492103066,-0.2912490226,67.6387945874,213.4601386494
0.1303431154,6.6256880232,-0.4725059236,63.5507171389,200.2896217986
0.5404564117,10.3047508783,-2.4926393717,61.0523272528,182.6937849001
0.5851308333,10.6451115313,0.0627998836,63.7356368558,203.5209099855
0.9447239451,14.7871494099,0.285446842,62.7742830487,201.7500833562
0.0491257615,5.0398300922,-0.1453657059,65.4570194255,207.6442297468
0.4478420147,9.60665384,-0.8652927788,58.7833525069,184.0235936265
0.5432170327,10.3256253626,-1.0393008083,66.2765111015,205.6330292627
0.1272112969,6.5809812451,-0.0778318435,72.68250624,229.6583595028
0.2453034872,7.9319687597,1.590324293,60.3018595328,200.8572000634
0.2922069477,8.3591535453,0.5997946544,63.452908345,205.3576983068
0.8602232186,13.2439683052,-0.0185603597,62.5246468921,199.4811388779
0.140674067,6.7681125723,-0.0154034214,61.4454150164,196.2592279424
0.4710938041,9.782438185,-0.697319875,56.4226978542,177.7814941878
0.6690666904,11.3120124339,0.059549194,62.5622006627,199.9843479581
0.0725012936,5.6277629195,0.4586964777,69.7794371204,223.6317937499
0.0472616123,4.983983302,-0.6221422395,67.0145338554,209.9328903688
0.4060541138,9.2868785106,-0.3832463522,71.2487524557,223.8300256059
0.961875411,15.3186294176,-0.6842951307,64.553488706,202.2389904647
0.1134005613,6.3740795361,-0.7594826157,65.1592807376,203.6804291344
0.4559854718,9.6683414698,-1.9527127686,59.8668204224,181.8368974245
0.8855798135,13.6100541486,0.6192624873,62.568641207,202.8022360575
0.7373867086,11.9059284822,-0.2974860037,55.6306891909,177.4046375543
0.0570981333,5.2611707694,0.2390016909,68.0474170288,217.3372595412
0.011761708,3.2055247683,0.3358986325,56.7235489599,183.8501400424
0.4792022028,9.8435320505,1.8166567117,59.412161913,199.3197692971
0.3456587263,8.8087965531,1.3292504577,59.1206898634,196.0083218789
0.2788956673,8.2416241843,-0.9334300897,67.9620163478,211.218898595
0.7027506521,11.5969846363,1.9518374887,62.512545532,209.2968240394
0.4888575084,9.9161988496,1.1225236447,66.3043616297,216.5257031124
0.0416381878,4.8040474005,1.0706801433,62.8397272595,205.872582495
0.5380934814,10.2868952908,1.1182306328,60.8644354708,200.1844595763
0.7994520799,12.5189971565,2.2348812068,58.9288194645,199.9608644275
0.6539117836,11.1877096304,2.4476122817,68.7311071888,230.431382975
0.6004459991,10.7635050574,0.0350139705,62.3897361261,199.344278231
0.4815667889,9.8613350162,0.5480366833,69.8681517637,224.3446387075
0.132370906,6.6542395432,0.686429286,64.3013978327,208.3363399281
0.1817391859,7.2737287892,-0.6912345572,65.08654996,203.803477094
0.2959530356,8.3917721949,0.0128930431,59.4624974785,190.4519576513
0.8145059436,12.6838720279,-2.5466416448,62.6754204275,187.2930530584
0.9697660217,15.6320978141,-0.3739585253,64.0962916273,202.4190822554
0.2343365652,7.8260810639,0.6368896594,63.5960313056,205.9725422137
0.6406303432,11.0804325479,-1.1169069822,61.8265909148,191.8952378337
0.9951561587,17.7603463819,0.1121820704,62.5587602971,200.2371912436
0.9022210583,13.8829341726,-0.7274935026,69.8901990681,218.0331296911
0.310842444,8.5196084976,0.0954670812,59.8748771621,192.1019668922
0.7958154348,12.4803010382,-0.2131598675,66.1486074609,209.3800230453
0.7218236427,11.7648026876,-0.6520782632,60.4936535632,190.2205693736
0.6802086518,11.4048470174,-1.2032850066,61.5508097068,190.6360040872
0.112422056,6.3587571256,-0.058303112,57.7768757955,185.0391118263
0.7907157794,12.4267220483,0.4255827504,53.9776014031,176.0607179612
0.210367003,7.5845545776,-1.3606451789,65.2497206062,200.9459359242
0.3561856146,8.8939800063,-0.0902134556,58.6236165356,187.4197823287
0.3968420571,9.2154111539,-0.1334015088,69.2329023231,219.0316994255
0.257691527,8.0485638909,1.1952014054,61.2484503118,201.7213579623
0.8011739796,12.5374660533,-0.5208928092,68.8483094927,215.9404644322
0.1152421329,6.4026629752,1.0477612364,63.7301256382,208.4291830966
0.2186549816,7.6697687184,0.8323914808,54.8639117458,180.7536926413
0.410184162,9.3187861906,0.6272351921,56.8431373095,185.6655878891
0.3426623477,8.7843762874,-1.6394158229,58.1711587772,178.3163972174
0.4382945595,9.5341163767,0.5484889024,60.2099718251,195.3723599872
0.4222754566,9.4117728906,0.0982556362,60.1833373754,193.0412903073
0.7689280589,12.2059636875,1.0333318165,56.6638033132,187.1580690222
0.7339940558,11.874813371,0.1087236248,68.5544719477,218.2070339672
0.916376509,14.143312038,0.5643355309,58.3209351688,189.7844831608
0.6022021654,10.7771538618,-0.3396828995,65.926428327,208.0808704837
0.0330471399,4.4866488045,0.4519305435,60.5659145849,195.9573964722
0.2857009941,8.3020362212,0.2883547616,68.6559950832,219.4097590575
0.692416962,11.5081389676,0.2973728564,57.5523981795,186.1440588206
0.0422567513,4.8247674315,1.9116446418,69.164090823,229.0504956781
0.2051330453,7.5297236252,1.2902555545,62.7995772327,206.8500094706
0.2431534589,7.911415955,2.0068675524,71.4757920869,236.4617140228
0.3507190445,8.8498602372,0.8998197633,64.948247408,211.3438410406
0.0985754407,6.1308658124,1.0203399434,63.9347765255,208.9060292936
0.8047719435,12.5763714822,-1.3149230581,59.8429719813,184.9543006536
0.5275898816,10.2076383915,-0.3673303126,64.8328862881,204.6620073013
0.4656435966,9.7413236248,-0.1510518281,64.5430972856,204.8740327164
0.5382375759,10.2879838497,0.4460917912,56.2190822092,182.8877055838
0.1279949436,6.5922388543,0.9914389352,61.6995277267,202.0557778558
0.8694665781,13.3716194472,1.729931068,60.4345559672,201.9533232412
0.2722404154,8.1818467439,-1.6091441693,59.989866695,183.9238792389
0.2690807357,8.1532132704,-0.0658089096,70.1708849469,222.1836102925
0.438371521,9.53470213,1.2039311855,65.8377774983,215.5329884222
0.6589445067,11.2287526102,0.6499913682,67.2324045305,216.9471704324
0.7557207635,12.0778102142,-0.238612415,64.8943137648,205.4898792197
0.551288679,10.386753589,-0.7150061401,63.5553118127,199.0909047376
0.5015111628,10.0113637977,-0.1860055086,61.4479134165,195.4137127065
0.4539097543,9.6526320157,-0.8695936166,62.2471411406,194.3934553388
0.9906294448,17.0519227207,-0.1132115656,65.8608652205,209.0165378334
0.8988378884,13.8248730252,-0.231908237,62.5901802948,198.6109996994
0.1884073922,7.3486588869,-1.9591243407,56.4723980756,171.621572523
0.932716236,14.4889917624,0.1707034935,61.4611520961,197.2369737558
0.4826457491,9.8694568466,0.0747192236,59.0088992552,189.4002938832
0.5136525144,10.1026853834,-0.7929439062,58.7609015924,184.3179852463
0.8430248147,13.0209026368,1.8891369937,65.3903302319,217.6166756641
0.530301942,10.2280866619,-0.5063643882,70.674625167,221.4920535599
0.1252114209,6.5520311771,-0.5446210497,65.9061928692,206.9954733591
0.0557844725,5.2264582994,-0.1489091274,63.508057558,201.7796270371
0.9725568972,15.7593278586,-0.411218898,64.0209513635,202.0067596005
0.2089939185,7.5702487725,0.6506166278,59.8153535202,194.6991436996
0.6789828388,11.3945690858,-0.3423282882,62.7338308184,198.4898510143
0.4571447654,9.6771112562,1.1018335423,60.2126089489,198.1469945583
0.5956934774,10.7266470428,2.4330126034,63.3730430693,214.2841922245
0.7407484364,11.9369635294,1.0041599768,66.2689073223,215.8275218511
0.3355864317,8.7263833875,-0.8916954426,57.4237099286,179.8126525729
0.2763047779,8.2184370489,0.6111857384,66.6002022749,214.8565355166
0.85528535,13.1781232244,-1.3874354036,63.9856607847,197.0198053364
0.7137696799,11.6932939093,0.257934085,62.5898927741,201.0593487471
0.2348788148,7.8313796164,0.2040788961,62.1851319694,199.5757903886
0.0859927249,5.9024442729,0.0597671737,62.8418083229,200.8242608373
0.6497142441,11.1536472988,0.8389308593,70.0286670671,226.2806554975
0.9711187647,15.6924888111,1.0382049398,52.6469246521,175.1317986553
0.2435718372,7.9154230252,-1.6446762678,60.7115785205,185.9113542223
0.3956892954,9.2064374107,0.2702834998,58.2234466472,188.0217574408
0.6615643862,11.2502091965,0.1292396995,67.2447195539,214.3803571592
0.9858500322,16.5793099707,-0.3746089677,52.0627246175,166.3151290138
0.3452674055,8.8056118293,-0.018716257,58.5469689635,187.5473256052
0.748997794,12.0140178627,0.2830079809,69.2029355399,221.0238465242
0.7062065622,11.6270088028,0.2681539026,63.703969951,204.452679366
0.90958435,14.0145995308,0.4651731468,66.8001706106,214.7263775659
0.989836945,16.9608192043,-1.5100448906,59.7296238839,183.638647199
0.3088101649,8.5023226382,-1.3870083097,67.4437326258,207.3961563292
0.3005328872,8.4313945336,-1.3982191142,60.16199613,185.4948928191
0.4391824612,9.5408731185,-0.8152035373,69.4563974194,216.2931745716
0.011575469,3.1871962387,-1.8369328882,65.7299910072,200.0053085803
0.8136250067,12.6740021512,-0.3829808726,57.5415619839,182.709781589
0.03008483,4.3613549913,-1.2529817487,60.8867110649,188.3952244513
0.8916115086,13.7054314639,1.8661057647,65.8994182125,219.0287834608
0.9455398745,14.8091957233,-1.8613928901,56.3660533,171.7911954495
0.0244890384,4.093652606,0.4684078309,58.5055572984,189.8587110498
0.1199049084,6.4736131393,1.5162530857,73.5192949405,240.1391502501
0.8666102088,13.3315281811,-0.1562686938,68.1131248381,215.5580310453
0.3896628718,9.1594065579,0.7853526451,56.9216543501,186.6917262759
0.6922124918,11.5063945303,1.3470048644,60.2314924005,199.4295015235
0.3810694504,9.0919803102,-1.5101426954,64.0606339549,196.6311883877
0.7524126854,12.0463051787,0.0500624741,60.2360996022,192.9586111771
0.4775276219,9.8309208366,-1.0976843995,64.5230396234,200.080696873
0.1363898965,6.7099496459,0.5575356011,62.0864351872,201.0469835673
0.5174019793,10.1309024066,0.4540090723,64.1152777344,206.6158785645
0.5540003784,10.4073246654,-0.7534194656,69.2680743159,216.0371256198
0.9136932667,14.0915625169,-0.8841918795,61.9003797711,193.2801799161
0.6808387314,11.4101363871,-0.5446530095,62.2742404133,196.0994561925
0.4131439319,9.3416050868,1.0860117015,63.5380232233,208.0441281775
0.1077078935,6.28356933,0.498895293,61.5636529786,199.1854354006
0.2164787832,7.6475779525,0.5965072873,63.1775210704,204.5150996477
0.1656195505,7.0851368172,0.6867980417,49.5112741017,163.9678125135
0.6522737141,11.1743989894,0.7668638057,54.7336977472,180.03541227
0.1098461342,6.3179595661,-0.1179027174,58.904915634,188.1252333149
0.96456672,15.4189947732,1.3227924903,58.1325750813,193.0116876953
0.7329507542,11.865285476,-0.263067703,67.9574427257,214.5569896621
0.3166056059,8.5683641889,0.1728650738,68.1679965948,217.3683151534
0.8477412029,13.0803812425,-0.1878715714,63.2337418191,200.7618676001
0.4905039622,9.9285841445,1.7849546789,69.0728378435,228.1432869248
0.8344946499,12.9162403066,-0.3650885243,53.8946833726,171.8586074964
0.3838173596,9.1135894217,1.4148505016,62.0020228242,205.0803209805
0.266142277,8.1264327537,-1.4776567563,64.408792788,197.8380945823
0.0540658068,5.1800560952,-1.5043590861,62.299155498,191.3756710634
0.3647913297,8.9629577769,-0.7716514244,60.5510745323,189.7949664752
0.5150820881,10.1134425949,0.2726368517,54.9213922854,178.1273611147
0.8268671909,12.8255724031,-1.570974882,65.4320994585,200.4414239655
0.9693238097,15.6128420173,0.9113677774,59.4635383076,194.9474538098
0.5865090713,10.6557221951,-1.1729498156,65.7868228126,203.4957193598
0.3399073048,8.7618516266,-0.0781050152,62.9131166997,200.3488250229
0.8118625071,12.6543417385,-0.0692583808,63.6974040677,202.7459202992
0.3982458725,9.2263297753,0.2229755636,66.5352792994,212.7207157164
0.0927647266,6.0282385371,0.9189878146,55.1751205461,182.1203007113
0.4269725201,9.4477383707,0.4651272468,66.3806602747,213.467617058
0.1587768942,7.0015077409,0.1703028381,68.9142421351,219.5942405956
0.8759419795,13.4648123567,-1.0243934051,54.5967505559,170.6682846422
0.59379371,10.7119444049,0.0476931587,63.9937561403,204.2197342144
0.2620013622,8.0884375254,-0.348629093,58.2651468023,185.0522949419
0.2955541601,8.3883081285,0.496197004,61.7033279527,199.5909688782
0.4827894121,9.8705381908,1.1886937488,63.0167677013,206.993771848
0.9254659901,14.3284936853,0.0904855339,66.7322116451,212.6490626048
0.9233872588,14.2846919385,-0.3341266381,61.8685029599,195.9348756889
0.4476211336,9.6049784395,-1.7496411722,67.2178797679,204.9054334427
0.48969776,9.9225197289,0.8901683954,53.6188987298,177.3075381663
0.0569609983,5.2575766803,-0.1414586235,69.2235778789,218.9634405191
0.9753672478,15.898860046,-0.4727395641,63.9206153957,201.3981483666
0.6999507642,11.572776732,1.7384186204,65.2150380176,216.337207155
0.2642490899,8.109099343,-0.3352275706,60.1079490113,190.647709181
0.9428151618,14.7365603356,0.837684967,65.503618324,212.6992798068
0.0902983549,5.9832399239,-0.2620007548,49.9470008921,160.5309989022
0.6130695415,10.8619850512,0.1824805999,58.640637784,188.8343163514
0.8159406895,12.7000091874,0.0774029164,63.5093354824,202.9150210294
0.5046412346,10.0349023373,-0.7993597552,65.3073116805,203.9251362653
0.5707942012,10.535189501,-0.1993564124,66.3297758643,209.9925455309
0.9706654903,15.6719963007,-1.7754879099,65.4073379288,199.3445742369
0.0137350538,3.385684421,-1.5717474002,60.2114501073,184.7756133207
0.9221845109,14.2597599418,2.2728147222,63.4026896089,213.5721424376
0.9250009628,14.3186148177,1.6072021701,64.1137478742,212.3772544731
0.4151210452,9.3568267342,-0.3145267352,66.1006645093,208.7293598517
0.8116416943,12.6518866385,-0.0076865986,63.3480065725,202.0055867243
0.985437504,16.5453717463,-0.7360827344,64.8570146594,202.890630306
0.3951163676,9.2019747823,-0.9057523344,58.69093259,183.5440360983
0.9635119047,15.3789387149,-0.8790065442,65.9855359513,205.5615751328
0.7342196391,11.8768759841,0.1964252431,69.9699344108,222.8919294477
0.2815381638,8.2651654778,-0.6725644054,65.5407339655,205.2593798696
0.4758563798,9.8183317875,0.8536778502,66.4029479707,215.4772331633
0.9108346843,14.0377384823,-0.9879107705,66.9863992318,208.0196438429
0.1344472899,6.6831645967,-0.3204765573,62.1275231279,196.7801865971
0.1097455216,6.3163522072,-0.0484431971,60.4239836533,193.0297349745
0.3805408848,9.0878183828,-1.198454202,61.5069916205,190.5287038515
0.3021158362,8.4450255992,1.3462311791,64.0356976107,210.8382487277
0.7240783486,11.7850007549,0.1223353159,63.197439029,202.2039936668
0.4454950758,9.5888457412,1.6639427049,70.1950644497,230.9049068736
0.5380963145,10.2869166929,1.6701951266,62.0121246444,206.3873495664
0.5885430279,10.6713960896,0.7742237169,61.5593715981,200.549233379
0.6437593349,11.1055769209,-2.3244122628,56.8805892996,171.0197065851
0.7293617362,11.832651322,0.835496694,71.664419645,231.1707424049
0.0328351746,4.4779985185,0.0302635808,70.1538030205,222.6127269658
0.962406276,15.3379575447,1.0968712945,72.3134805907,234.4247982444
0.0708486184,5.5915001659,-0.9823043796,61.4651833687,191.484028208
0.8838383395,13.5831863099,-0.2962293326,64.5226050722,204.0866685539
0.6698766376,11.3187176534,-0.7077933515,57.0495660522,179.6097313993
0.1466068819,6.8467071835,-0.2984654338,59.7106963827,189.6397619793
0.0275141119,4.2440400657,-1.4175812627,63.9176756326,196.6651205845
0.7814322487,12.3311183146,0.5686551476,56.7112488265,184.9770222175
0.1828841504,7.2867148918,-1.6336096279,58.6107143834,179.6640950111
0.4341437619,9.5024977534,-0.1216917003,63.9106937009,203.1236226013
0.5773020508,10.5849886921,0.0569421926,64.5365020586,205.8942171387
0.8770004034,13.480365594,0.7856280847,57.7973747484,189.3202646687
0.6617182691,11.251471464,1.3606360608,57.5118056243,191.3385971769
0.1553890619,6.9592280674,-1.5405363608,64.2457453601,197.0345542761
0.9777783784,16.0296583583,0.5812041544,56.8684076857,185.5112438293
0.2074601457,7.5542031808,0.2869341155,62.1125154503,199.7722169282
0.2006606497,7.4822086375,-0.088322922,57.1101992567,182.8889831602
0.5301189618,10.2267067133,1.5590075463,63.0157688185,208.8423441871
0.4711519203,9.7828763602,-0.2373976175,65.8446679614,208.3470157965
0.3258508735,8.6458019303,1.7095518575,63.3158222124,210.4952259247
0.9608595716,15.2822476809,-0.7980415268,57.9454455254,181.8461289423
0.1005213165,6.1642398752,1.9098071412,58.2216745742,196.2140594284
0.2098809578,7.5794968961,-2.5692725662,58.8564320192,175.7229332266
0.2139672593,7.6218067612,-1.1013054394,57.8435031765,180.0239823324
0.6207281258,10.9221809994,-0.3471384338,62.3688066867,197.3707278913
0.8216540627,12.765060936,-1.6723335049,56.2633924413,172.4285097991
0.1525271002,6.9230347944,-0.5580258744,58.0472852235,183.3517262985
0.0545153024,5.1923033522,-0.1340569833,65.4038111358,207.5411484907
0.8148255511,12.6874600484,-0.4527924958,60.3063917671,190.6552128224
0.2897789618,8.3379082857,1.2302166977,64.2065626565,210.7707714578
0.1023369357,6.1949574178,-1.5687251069,61.0551121611,187.321710949
0.4359350512,9.5161494396,0.1413265322,61.5339223342,197.3083996636
0.3799745485,9.0833570992,-0.6020885574,69.4786232898,217.4254270826
0.9620727259,15.325787608,-1.8267839587,61.7991175637,188.2634328975
0.4837672755,9.8778980783,1.1417745964,65.654800214,214.673273624
0.5972738764,10.7388913292,1.0761603455,55.9764907769,185.3102740582
0.1232276529,6.5229935283,-0.7963455553,61.4983654569,192.5133685942
0.9040645186,13.9151928209,0.5002682727,60.3960266248,195.6894212379
0.4713766037,9.7845703501,-0.2857717298,61.8822228458,196.2178098882
0.8029812614,12.5569547625,-2.5761879716,61.4638515971,183.5106149332
0.5933982853,10.7088863037,2.7472375026,57.9459495772,199.5740362445
0.5835882071,10.6332448466,-0.7732696158,59.9498957568,187.9833391915
0.0512030623,5.1001029653,-0.7149813776,60.5846125763,190.1789308407
0.6817224878,11.4175627124,-0.6627366236,67.1757009938,210.2134198635
0.5374472165,10.2820135566,-0.3391792987,62.4032359946,197.5138114903
0.8020266187,12.5466470417,-1.1530878591,65.1728846189,201.7532145614
0.9842022639,16.4484740045,-0.4183544571,57.6742056225,182.9308445819
0.6185298502,10.9048657457,-0.2851902895,72.4590816533,227.9512935124
0.1546774423,6.9502701618,-0.2376779583,61.071813735,194.0270514134
0.141491134,6.7790679922,-0.4781752219,63.4341923146,199.9117008342
0.3084669595,8.4993985541,-0.5140600851,66.19402249,208.0117670446
0.9579594149,15.1824454146,1.2628587803,57.877285192,191.9461494776
0.1927817764,7.3969272121,1.2644331298,56.3446130014,187.3560046529
0.4427668352,9.5681261337,1.9086346302,66.9522033757,222.3997832779
0.466767668,9.7498069708,-2.5704827318,59.69873825,178.2438010913
0.7171341057,11.7230464174,-0.1052031581,59.7033802789,190.5841250464
0.9994389643,19.7739489032,-0.1176176941,55.6318417795,178.3074368678
0.1189080772,6.4586112757,0.0433702135,62.0397961854,198.3362396233
0.7987153814,12.5111245221,-0.4952013959,55.1624428554,175.0113215869
0.9542712704,15.0632776529,0.2853045038,67.1229740275,214.7954446015
0.8417391479,13.0048938621,-2.2442453274,65.5081692096,197.3032809919
0.332275711,8.6990863564,-0.2303418448,61.6278405827,195.731812524
0.2657654022,8.1229872105,-1.2535621094,59.5272614972,184.3139739445
0.4764552675,9.8228434151,1.1442964575,66.7006332203,217.8233819482
0.7129408317,11.6859897954,-0.8892948406,60.943481279,190.3839696337
0.7274403211,11.8152692801,-0.5814404375,64.8839123679,203.7445349163
0.1411401874,6.7743676909,0.0427698626,60.6214782575,194.0782840851
0.3665016468,8.9766003401,-0.075680036,62.3930893409,198.8008678426
0.0554486036,5.2174798617,1.7408256684,64.3146613564,213.6481124114
0.8602354107,13.2441328207,-0.0352551801,57.7996101827,185.2225546479
0.8023263398,12.5498800267,-0.9460962113,56.6822580079,177.3162929673
0.4694243774,9.769849281,0.6363743165,59.5762782746,193.9107064063
0.4516323765,9.6353853747,0.1643666233,53.0638036207,172.0132439786
0.6157495275,10.8830088688,0.4126585276,66.8901258653,214.7336702338
0.7332377536,11.867904603,-0.3054687548,55.7272235612,177.6543269097
0.4660674424,9.7445226207,0.6146340053,61.8714964374,200.6876593389
0.4161838242,9.3650021278,-0.2972292622,60.9458520263,193.3514097682
0.4695816832,9.7710356702,0.9327185651,60.0780301131,196.8976831647
0.8787948203,13.5069499029,0.1169195105,66.9233461511,213.354636006
0.1405027732,6.7658103567,0.8671324476,66.5110089075,215.8686889606
0.5361181991,10.2719768034,0.8827744367,62.5155908902,203.9606448543
0.8748741534,13.4492147642,0.7732132658,60.6229128841,197.7348049813
0.469232237,9.7684001218,-0.0077570466,63.45124965,202.3149637171
0.8095661139,12.6288955443,0.3339490141,61.1186142796,197.0255879093
0.8275397983,12.8334635761,-1.8216844314,61.2624502297,186.6789285322
0.5268703683,10.2022150957,-0.0534576941,61.3675467604,195.8353518109
0.5158469202,10.1191983703,-0.9069712014,60.0086363962,187.4910531814
0.8125658361,12.6621735549,1.7816969928,56.8710395782,191.5216036989
0.7616587775,12.1349456011,0.1519452038,63.0056553162,201.7766919679
0.7073716922,11.6371678819,-1.2979447152,56.7201037599,175.6705877035
0.3348985489,8.7207205117,-0.4311734484,67.1472822323,211.2859794551
0.3183998819,8.5834660943,-0.6048885887,62.5712901718,196.6894275719
0.208281135,7.5628006468,-0.9412815218,59.8889981676,186.9605868939
0.8330461003,12.8988177617,-0.7771963533,60.8135385931,190.5546340129
0.222503945,7.7087079812,-0.01967052,61.2833003966,195.7515485898
0.2095496631,7.5760455682,0.4969116206,57.993299682,188.4644571491
0.6868927544,11.4611855908,0.3321404002,57.9120794597,187.39694038
0.8455187441,13.0522042282,-0.7573926948,58.7329780724,184.4119707436
0.2567667749,8.0399634271,-0.8423151831,62.4422144388,195.1150674008
0.4577809179,9.6819224247,-0.5182990192,63.5044126333,199.921742804
0.1668125731,7.0994867288,0.4432530425,59.7804168604,193.5575157934
0.5084070461,10.0632246982,0.615833667,56.3291607015,184.0666504396
0.7537178383,12.0587078875,0.6544721293,66.0598951929,213.4520462251
0.2704371433,8.1655256935,1.2171322467,55.335768117,184.0929655846
0.2944327693,8.3785577745,0.3924428743,66.0198074158,212.0216366187
0.7518436452,12.0409086012,0.6705200567,64.2741486828,208.175046332
0.9611563396,15.2927959439,0.1512858625,62.2811100702,199.5997595231
0.506557466,10.0493136097,0.2970936107,65.8332485993,210.9852138514
0.0905996652,5.9887857879,-1.8008991171,66.0400271308,201.1155858066
0.9447430193,14.7876618472,-0.1089747245,66.235252742,210.1608846033
0.7685283874,12.2020271365,0.247927594,60.1266362631,193.6195467592
0.1020154678,6.1895477388,-0.2041887749,66.382090418,210.1253273797
0.4899177556,9.9241746108,-0.4680820493,54.8726387951,174.2775061387
0.2550866082,8.0242959958,0.5193312107,60.5573763373,196.2687850652
0.0078452746,2.7518947379,0.8142300101,54.9162139188,180.8197918067
0.7450789523,11.9772507574,-0.1134245146,56.6799988087,181.472873853
0.7528873342,12.0508116512,-1.098180376,66.5922330572,206.2857972918
0.0972275152,6.1074635764,-0.8835957887,56.8937318576,178.2632166294
0.8425874452,13.0154469926,-1.2528245765,57.1715247392,177.2504513352
0.9739453723,15.8266901829,0.5320221439,62.5401714172,202.2806249707
0.7856534333,12.3742898763,0.6009597715,63.7908830016,206.3774478624
0.463644952,9.7262347378,-0.6354712247,62.0596766666,195.0016738763
0.1114291742,6.3431118875,-0.4371101147,62.6637805437,197.8057910575
0.0677589022,5.5219237249,0.0658215683,60.4511796193,193.6826466993
0.2481230285,7.9587755268,-1.274360223,65.0440253976,200.7602750779
0.8086257565,12.6185299431,-0.3344583083,66.8650888196,210.9229749173
0.8755084362,13.4584683746,-0.280795047,61.4648643651,194.9906178607
0.0468478259,4.9713483296,-0.584666675,57.2863295842,180.9356553775
0.0298977096,4.3531027568,-0.509181471,68.9252759038,216.2299203563
0.2493358355,7.9702562125,0.2254736291,65.8334534049,210.62772836
0.8005525449,12.5307895565,1.9033800181,68.3186166849,226.472750145
0.7139701236,11.6950617989,0.139901607,66.8155063827,213.1460271828
0.434290922,9.5036196677,-1.772049527,65.4574859156,199.512210112
0.3749314614,9.04353965,2.1282908265,61.440869061,206.9640613155
0.2733112765,8.1915134531,-0.1664777529,60.5359282305,192.7753959271
0.0297889244,4.3482854871,-1.5997383357,62.9459051034,192.8390236316
0.7763277541,12.2795487955,0.4863579079,62.2550513942,201.1969437222
0.7477861275,12.0026177607,-0.0890347523,67.0557350852,212.7220314941
0.7115430937,11.6736949869,1.3110556619,62.6760997804,206.5835776506
0.3262036894,8.6487389694,-1.4707841954,60.3023014642,185.5529834157
0.6656740305,11.2839966272,-1.9756257949,62.6205883716,189.98363614
0.4638212998,9.7275663591,0.732662191,55.40626519,181.8821065253
0.5660147525,10.4987108007,0.5724461757,63.8672979741,206.4641248006
0.5603967598,10.4559256589,-0.7494751349,65.1748043054,203.7770372414
0.1120039367,6.352180742,-1.9214990254,62.9900291883,191.3625924378
0.3409993206,8.7707880028,-1.3560826265,59.8823846927,184.8667409458
0.6519550055,11.1718119167,0.1647874094,60.6090205007,194.6509985491
0.4933188898,9.9497564718,1.3699544917,61.7156921386,203.9968488742
0.8761892749,13.4684379493,0.131169813,61.0029078281,195.6645725494
0.1491966867,6.8803452661,-1.3080062941,62.037039904,191.5710882413
0.8070958205,12.6017318564,-0.0814713174,64.7694681169,205.9010477637
0.9169037589,14.1536267332,0.4980463247,60.592529391,196.2678197966
0.1483726685,6.8696850626,-0.7079013289,63.7847923161,199.8148703038
0.4606003433,9.7032358344,0.8455832133,49.409497582,164.4564088125
0.2449049889,7.9281667373,0.1726748212,62.5915128021,200.6379125125
0.6980821788,11.5566777832,-1.3268516314,59.5144962886,183.9092307089
0.7664334367,12.1814546296,-1.1310393553,68.2231062424,211.0141219505
0.5055280242,10.0415714354,0.8065400032,56.6617035586,186.0178106917
0.3077660468,8.4934223958,0.671408516,59.8700928196,194.9673210386
0.7402136172,11.9320123451,-0.164751832,64.3483009475,204.2211436827
0.1576714611,6.987777849,0.0024452582,63.0925961382,201.2900147058
0.1476378965,6.8601459756,-0.6395639978,58.5751329301,184.5275788011
0.7941941523,12.4631820933,-0.423632159,70.547073569,221.5230599119
0.6659145916,11.2859794126,-0.4448270601,64.241423949,202.5001365464
0.4699032821,9.7734610365,-0.5465497706,60.2147687024,189.9115572543
0.5733721498,10.554898012,1.1765659525,57.7018288951,190.9883164476
0.5058502725,10.0439949522,0.893813338,61.21856373,200.1247578797
0.8845758489,13.594529576,0.2122190175,66.0773690646,211.2932022813
0.6738726266,11.3518962187,0.5701547527,68.31238836,219.7879388434
0.8709595865,13.3928165712,0.0619619129,60.2306203379,193.0016705783
0.0436466374,4.8704444912,0.3898852306,61.4948493924,198.4339743302
0.0797555647,5.7798470446,-0.3597049672,61.5977744669,194.9947985645
0.1022173527,6.1929465147,-1.967798528,58.2598937622,176.9406886464
0.7784222118,12.3006263241,-1.1003665329,59.8157364362,185.9453766442
0.6652637534,11.2806162779,0.9629927524,61.914909182,202.5596913083
0.3613547296,8.9354799966,0.0030105114,62.2413959569,198.7392404275
0.3347348403,8.7193721382,-0.3201782141,62.4277704046,197.6824201433
0.749657792,12.0202397758,0.6913773188,62.6676458363,203.4598241032
0.8373588612,12.9509826584,-0.1077416586,55.0709387869,176.6741080676
0.7709609792,12.2260460189,-2.346331926,62.4147519375,187.5125961827
0.8098723229,12.63227768,2.0247659481,70.9901411437,235.0942531713
0.1302162304,6.6238912934,-1.5287364373,59.3470875464,182.3975804528
0.6386478436,11.0645406113,-0.885438485,58.1365491935,181.9824551555
0.48812148,9.9106616949,-0.8816138087,58.4864509447,183.0512837903
0.4331310187,9.4947749414,-0.3071441426,59.2127377483,188.102492532
0.3795519266,9.080026598,2.9422002697,67.4871131378,229.172340762
0.9827149415,16.340074733,-0.5469159237,61.7215142743,194.4299632045
0.5983782874,10.7474551545,0.8437970835,62.1094848458,202.547439955
0.771470478,12.2310947722,-0.7452878726,59.8351669457,187.7790614738
0.6481980246,11.1413801319,-0.3437150763,65.6915847314,207.3561788127
0.8180560132,12.7239446269,-0.2641000123,62.6126238437,198.5173714699
0.6996517116,11.5701971862,0.3082179825,60.8115268005,195.9756703139
0.45114855,9.6317198108,0.474613125,69.6638616687,223.364650631
0.7844909765,12.3623522556,-0.2293823941,58.6836310451,186.9039811649
0.8344636664,12.9158666213,1.2241596399,67.5689570835,220.8276694503
0.97527966,15.8943147626,-1.3684102552,59.7733618447,184.4780342584
0.4740382072,9.8046323054,1.6579883095,63.5639326913,210.9817396215
0.7651317217,12.168723276,-0.0940870573,57.4249803972,183.8045059048
0.6862551526,11.4557894359,0.6784942997,63.1458068646,204.8298920921
0.7932619767,12.4533755811,1.4599450586,55.0567175415,184.4698779177
0.9446265562,14.7845351847,0.504520193,57.5840189756,187.2746578915
0.6632799495,11.2642941722,-0.1577174069,59.455837011,189.5789239986
0.0688094997,5.5458511845,-0.9455547963,57.7386476604,180.4881689997
0.4254606781,9.4361710839,-1.0205308273,57.9546248581,180.7612204377
0.8919636973,13.7111169896,1.171392826,56.3250433217,186.8320940951
0.9026928484,13.8911472124,2.1131815435,62.8915469648,211.240548612
0.6621756,11.2552241574,-0.2963268514,64.4422695424,203.8451743701
0.8765252223,13.4733713956,-0.3975779492,73.8789221095,231.6488765827
0.051712059,5.1145737524,0.7880365431,66.551482483,215.5946301647
0.7477731232,12.0024955653,1.7763040356,58.9824451882,197.8288557427
0.2456533194,7.9353037296,-1.0808966523,60.7796604898,188.9344982077
0.9151882904,14.1202445177,2.2289934452,68.4387294235,228.4611554968
0.6962963468,11.5413335907,0.0934208097,58.1347663546,186.871403112
0.4906212308,9.9294662381,0.265338324,61.7090001568,198.4536920905
0.3137687247,8.5444125505,-0.4384483058,61.2839023718,193.6594655865
0.6625173497,11.2580297162,-0.7315737776,66.1071076871,206.6634541733
0.4572357412,9.6777993491,0.7704334122,65.1269818198,211.2331125204
0.3324381704,8.7004283388,0.4025270625,71.6313346846,228.9066393661
0.1833448769,7.2919260922,-0.7901459665,63.9310048071,199.8422845888
0.0683141309,5.5346044992,-0.4994690125,58.8996205484,186.2015165827
0.7863584361,12.381548108,0.7702159564,60.2739277396,196.6728630009
0.8868768588,13.6302549678,-1.0245317161,62.3068722098,193.7979580491
0.5638204343,10.4819878613,-1.240590842,59.3104476172,183.7283886415
0.182921587,7.2871386366,-0.1812359975,68.4780333838,216.5279201639
0.4922526632,9.9417372576,-1.2882178788,62.0782250014,191.7935856103
0.4621147572,9.7146777771,0.2319104787,57.5602508211,185.8403048566
0.8301380249,12.8641324978,-0.4162571136,63.3264215496,199.8979790809
0.6885303368,11.4750665304,0.9861808282,60.532532268,198.5285009448
0.323843034,8.6290627005,-1.8748625177,60.668697044,184.6317785435
0.9912815185,17.1320862025,-0.1095516627,60.7787517621,193.7884969728
0.3369704564,8.7377634198,-0.6438897454,63.8625713028,200.3682651812
0.16904316,7.1261401732,1.1194752556,63.0300308952,206.6874689637
0.0389747673,4.7118721571,1.1924792299,58.8136882609,194.403460932
0.3538979152,8.8755460158,1.4856076949,57.7230511674,192.5971919769
0.2279835478,7.7634880087,-1.5008416251,56.6534220509,174.456058027
0.1764425922,7.2129774121,0.9505057729,57.5166127922,189.302367241
0.351726247,8.8580076321,-0.9150401487,55.137714139,172.8379416734
0.0491122957,5.0394328049,0.6335217489,63.028328941,204.2525955674
0.4852218411,9.8888445196,0.1193839954,65.9413822221,210.4210666432
0.3167038208,8.5691917716,0.0744706322,69.0720345454,219.5884567971
0.3368469744,8.7367488393,0.0519626868,57.5067974071,184.7802056552
0.8186753124,12.7309850307,-0.430072495,53.4541071571,170.2119589962
0.0382919183,4.6874173171,0.1743487286,62.4818919467,200.3174194832
0.76400754,12.1577596278,1.9630050252,60.0836573923,202.0659973029
0.0464505758,4.959133793,0.9055991021,60.2186883268,197.1840604908
0.008019425,2.7759091094,-0.3193855443,60.9558609534,193.2706551386
0.2347724841,7.8303411469,1.2994750831,56.886314909,189.1563201426
0.9615570221,15.3071423594,-0.5500277569,61.6114574694,194.0842336241
0.1591886512,7.0066058905,0.8607175322,58.2101118075,190.9339230834
0.313608665,8.5430584205,0.119758938,61.3212824143,196.562641933
0.6505476211,11.1603980525,-1.1160313685,65.4167611295,202.6701265461
0.5608755043,10.4595679152,-0.0639335168,60.7763322556,194.0093291829
0.3258084552,8.6454487294,0.6943932029,58.1212439421,189.8356978408
0.2484434235,7.9618113531,0.7521501825,63.1359243289,205.1685238989
0.6663373709,11.2894654636,0.4304070704,66.1747291594,212.6762228301
0.293575587,8.3710931191,-1.7922940977,66.4865304037,202.4981207226
0.7988340794,12.5123918035,0.0479697424,68.0308115747,216.3322834364
0.6326279906,11.0164652358,0.1111438504,55.208730277,178.1819100829
0.3212774384,8.6076111206,-0.4632055482,58.5255378563,185.2605858281
0.6441798748,11.1089622413,0.2372481036,60.2053938221,193.8024219841
0.0103484897,3.0595991307,-0.9220493554,58.4207085761,182.651878951
0.2996810537,8.4240458318,1.6562363359,62.6649155247,208.2759282536
0.7327488258,11.8634435497,0.3915108856,62.55704769,201.6286974978
0.5906693996,10.6878017711,1.0025872397,69.9940128296,226.9949746872
0.9626079588,15.3453589891,1.3715734682,61.1340114621,202.2599017273
0.6246278128,10.9529739956,-0.5972192162,62.0971622052,195.3053905348
0.0503488919,5.0755595427,-3.144108139,67.9147986811,200.0238553483
0.5700777222,10.5297161284,0.6131678073,53.6145931612,175.90961852
0.6208368549,10.9230382239,0.5054404931,57.5714093965,187.2414306552
0.2246312767,7.7300648974,0.8911020804,58.0073446483,190.477544347
0.7385253499,11.9164172821,2.5135311071,66.1786263329,223.1035345344
0.3657864358,8.9708979584,-0.6608374259,70.6815062812,220.7403317143
0.5029502132,10.0221854653,-1.1364094155,62.6327872529,194.2163146813
0.1991621014,7.4661462522,-0.1510268448,66.8056151241,211.6617111483
0.5600206086,10.4530643975,1.4382396512,59.7616239954,198.4760702419
0.0385026403,4.6950015472,0.8474464428,70.4587981475,227.6136266565
0.5378336834,10.2849327469,0.371120543,60.7049346514,195.9704066693
0.3514848594,8.856055785,0.1571995068,66.4809088928,212.2287242126
0.484223654,9.881332757,-1.1402775162,63.531008293,196.8916372979
0.8398461337,12.9814770959,0.9725116008,68.8802375314,223.5032705982
0.7045893925,11.6129390921,-0.1567524086,50.6276433845,163.0991681104
0.6215325703,10.9285250582,0.2675311966,64.4759658317,206.7655534783
0.5518727638,10.3911829136,2.327706557,72.2267235633,240.3187034749
0.6182886716,10.9029678881,-0.2323395096,61.3082655166,194.7630990019
0.0956527712,6.0798198562,0.4379983752,67.9874961791,218.1524804134
0.2322652005,7.8057780668,-0.6461819728,59.9032173771,188.4787422675
0.1822479842,7.2795058347,1.2870150696,58.98301855,195.3841309981
0.2280814361,7.7644598039,-0.3798510764,62.6947298527,198.1849341761
0.3799756574,9.0833658371,-1.7630432679,55.3414486307,169.2091295526
0.7229358698,11.7747561666,-0.2848833343,70.8718822733,223.1912301485
0.4145050452,9.35208599,-0.1688395207,61.7723057128,196.4727195347
0.1759895063,7.2077274651,0.7930749778,65.6865506527,213.0250268473
0.0945745758,6.060699089,-0.6126749492,57.9496424922,182.7855527305
0.0458564642,4.9407087714,0.7564241573,60.9754625574,198.7085084588
0.5171163373,10.1287523993,1.2776491539,61.5803590244,203.1293228428
0.08101172,5.8051044187,-0.4351909383,60.406998252,191.0450400645
0.3914991929,9.1737587672,-0.5427048346,61.9696035705,195.1952865382
0.3107851385,8.5191217529,1.8022111116,57.4854124266,193.4672928378
0.4985952128,9.9894361404,0.2375712553,55.7462829188,180.426705033
0.1197070663,6.4706427227,-0.0688693521,59.7932440903,191.0353855104
0.6228376005,10.9388257183,1.3223550194,66.8668080054,219.2121991133
0.3946096853,9.1980266789,0.2490792075,64.2525976513,206.0031889914
0.9991817079,19.4479196118,-0.1946260116,69.6738782014,220.0485045461
0.712546807,11.6825210104,-1.416322713,65.9073694423,202.6404947618
0.8663298946,13.3276257494,-0.1178138427,64.3458415638,204.4484554782
0.900683189,13.8563625114,-0.9791339391,56.4747531373,176.5285897165
0.2920215004,8.3575337653,1.2567004878,66.1392827936,216.7013508196
0.0365720992,4.6242103502,1.422695581,63.7984010521,210.5086810612
0.3300367133,8.6805646249,0.13438211,64.5869646573,206.432804522
0.0541486985,5.18232066,1.1073903906,65.848376721,215.0820821161
0.8555023391,13.1809845498,0.6179593895,62.0280425881,201.1739247116
0.3717828928,9.0185950198,0.8541178593,67.7943899358,219.6537591039
0.0345532675,4.5468320692,0.5654598142,71.867280056,230.4291392393
0.9154443317,14.125194588,0.3977855976,61.0292409824,197.0766509351
0.2145643472,7.6279494353,0.1570806781,59.2749993395,190.610401409
0.859402224,13.2329125549,0.8460854348,63.170496968,205.7419180779
0.8173053099,12.7154304397,-0.5417333451,59.274176252,187.1138620308
0.9901559795,16.9967215992,0.63903441,62.5172111847,202.7468056038
0.2806371225,8.2571504115,-0.0175743795,63.508693864,202.4382096944
0.5008806235,10.0066221924,-2.1490955478,60.7163865347,183.4036818648
0.361282086,8.9348982083,-1.1517085239,68.4726232888,211.6593272468
0.4744253065,9.8075493351,0.2254699989,60.5120905351,194.6636215995
0.7708455024,12.2249026066,1.8556107125,60.5251989354,202.8536503688
0.3616606137,8.937929322,-0.1623819424,57.8621062812,184.7744091315
0.9009729503,13.8613459339,-0.0290833443,62.6026091788,199.6624108149
0.5679674041,10.5136050203,1.2197607114,60.558944039,199.7756356738
0.212573603,7.6074302535,-1.1295734481,58.939842366,183.1716598575
0.5607868717,10.4588935536,-1.6007277298,66.1463898665,202.4355309503
0.7573000407,12.0929317071,-0.6776990163,60.6246428671,190.4854335198
0.1544203053,6.9470266123,-0.1743385064,62.8145596034,199.571986278
0.1857583134,7.3190917115,0.0789534302,66.0614816435,210.5792120812
0.8919796429,13.7113747221,-0.5227201212,64.9209875296,204.1493619829
0.5620184967,10.4682664755,-0.0259753644,67.9694444531,215.7784565374
0.8810607144,13.5409177087,1.3901579754,69.4899046549,227.4205038415
0.5257182189,10.1935321951,0.3646038169,57.959239615,187.7007379295
0.6731778346,11.3461156091,0.4362075366,60.3602940587,195.2619198593
0.8717361495,13.4039091593,-1.4766422631,62.1249917372,190.9917638963
0.8400988283,12.9845924352,-0.5912342154,48.2000749342,153.6440537256
0.1985690852,7.459769843,0.5907023324,59.8739243485,194.5752847077
0.1997441191,7.4723932895,0.0759665,66.2606742011,211.161855103
0.8213035273,12.7610324443,0.5897855562,66.6245308314,214.8225202752
0.2627834375,8.0956368475,0.3089687416,68.0683840203,217.749995769
0.0281574605,4.2742280958,1.027783958,65.0576491346,212.3118671937
0.3270600827,8.655862693,-0.3327488532,62.6929814976,198.415200227
0.7687168007,12.2038824342,0.9686118505,54.9975466035,181.835699063
0.0918944804,6.0124633563,0.935542949,65.6997151339,213.7768601466
0.4944796362,9.9584861751,0.3826244958,56.601900922,183.7188252451
0.2667052043,8.131574667,-1.8862262253,54.4969393477,166.0596869169
0.8998570084,13.8422116469,0.7674748898,61.0391372713,198.9547862631
0.4989498009,9.9921026142,0.5814589086,61.440519089,199.22885181
0.0089871541,2.901559137,-0.5771858869,54.7112967373,173.2479607774
0.7966951465,12.4896236943,0.7939969527,59.9201317545,195.7303800271
0.7854864318,12.3725725775,0.4451847161,59.5590886047,192.9031893947
0.4471526891,9.6014248419,0.0626230373,69.7963036495,221.7020261352
0.0816151837,5.8171331607,0.6650562541,64.208650312,207.9512322067
0.7103694826,11.6633933235,0.254923156,61.1973777002,196.8667488808
0.9091348727,14.0063394978,-0.5061156861,65.3932178704,205.6490751808
0.6943106672,11.5243194637,0.1336786826,66.8166923283,213.1184703979
0.3619570415,8.9403022529,2.3711793831,68.8147561992,230.3001655131
0.8548983303,13.1730269551,-1.7968756063,60.206256605,183.6343917837
0.804594449,12.574442062,0.977157213,64.0978422102,209.1793126957
0.551168018,10.3858386788,-0.9653314948,62.2221341866,193.8397450861
0.8905727426,13.6887392661,-0.7533572178,62.315199767,195.178813212
0.6971470737,11.5486381367,0.1150997195,61.0103373185,195.6065105528
0.949906196,14.9318343568,0.8849702843,57.832965639,189.9237483385
0.7164921232,11.7173561868,-0.4220473409,65.6332771226,206.7895946635
0.1510369177,6.9040110013,-1.066454925,61.9683202428,192.5726861034
0.0110321322,3.1322207278,-0.7589415269,61.2419018919,191.9309980413
0.1420670571,6.7867643641,-0.2219499232,59.5451913381,189.5258243983
0.1420804225,6.7869427223,-0.4567556659,60.2230365205,190.3853312322
0.9024732856,13.8873213839,-0.0704627099,69.3143050327,219.5906015485
0.553160629,10.4009522859,1.5674774421,56.20555399,188.4540491805
0.438103403,9.5326614085,-1.0035415549,62.3025700071,193.8900022465
0.8660436601,13.3236466977,-0.5802734291,57.7135900139,182.2394028963
0.0388980245,4.7091412604,0.4664384263,66.1602787619,212.8130284169
0.6054954135,10.8027924321,-0.6923405799,67.7416500273,211.7632471823
0.7636932612,12.1546997596,-1.1778431325,68.5925595307,211.8884629296
0.2379814072,7.8615674678,-0.9674765676,57.8077763395,180.5859461804
0.0641102742,5.4365302568,0.8825788302,62.8257542741,204.8901569736
0.3024281482,8.4477111793,-0.3739937405,59.9318222838,189.9254981488
0.7972914421,12.4959565701,-2.0837652727,57.4981945373,174.0757572486
0.8319445727,12.8856342169,0.5589689486,57.965849563,188.6923934321
0.7748388418,12.2646333535,0.6609225991,71.5970023036,230.0956199062
0.0413921415,4.7957362376,-0.2961073565,65.29845481,206.4148276474
0.3400019072,8.7626262269,-0.6085741638,63.5367817557,199.5674744479
0.5476000321,10.3588003175,0.7653639144,66.9890188712,216.7938761855
0.9718128629,15.7243932955,-0.0650849708,60.7398398393,193.8940946639
0.036819062,4.6334341314,-1.1668464896,64.6140533172,200.0079275039
0.4520727859,9.6387215289,-0.3001715176,55.5566633764,177.1691325413
0.5317654728,10.2391256683,3.8002900408,60.8017754661,213.4067766024
0.7613618954,12.1320707189,0.3311672161,63.2726137235,203.4736772514
0.8710151487,13.3936086931,-0.8697250672,57.7575626503,180.9240626146
0.356581429,8.8971651757,-0.2927793686,53.3938030815,170.7175124016
0.9410580143,14.6911519217,-0.8465376895,59.0892748513,185.0351361065
0.8797624868,13.5214008805,-0.7754363246,66.4964476773,207.6121614088
0.2680040933,8.1434181564,-0.6586267128,65.6185568759,205.5625370638
0.7200774078,11.7492144291,-0.5276507236,62.2559108963,196.1294790708
0.3755865765,9.0487214619,-1.2515369329,61.5263139434,190.3212571655
0.8894639225,13.6710464568,-2.2277535921,51.0596181723,154.0400865563
0.7118424403,11.6763257337,-1.3589911133,57.1518439219,176.6605761994
0.9399341457,14.6626630163,-0.7451556774,56.9646317155,179.1681167598
0.4661753096,9.7453367067,0.2591621166,64.498711617,206.7919454338
0.8904753833,13.68718062,-0.3425018806,57.5508680859,182.9400948549
0.5509980221,10.3845497479,-0.5731791823,61.531804886,193.7295187466
0.910237425,14.0266555904,0.6736861155,59.7713601199,194.682510937
0.7609866788,12.128440077,-0.997117261,65.520444163,203.5757461841
0.2722445757,8.1818843349,2.556849249,66.0132789629,222.8240831338
0.958529247,15.2016040132,-1.5838123511,63.0279157786,193.1646855804
0.3750028866,9.0441047457,-0.3757534503,65.48519868,206.5768287885
0.9753132211,15.8960547849,1.1404005481,63.3763246343,207.8309766431
0.7829839783,12.3469318785,1.4882214082,64.9814684113,214.385512275
0.694229217,11.5236226139,-0.4542246196,61.1155616906,193.0755619739
0.1252292686,6.5522909593,0.4043241893,65.8144472713,211.4649627605
0.3725726909,9.0248585299,-0.1022680734,62.6430364185,199.4177688885
0.0897964756,5.9739718312,1.7925156421,57.5493192236,193.6105358813
0.9355435434,14.5552080798,0.3240193582,62.4047193564,200.8342548598
0.1210275749,6.4904038742,-1.5018130374,66.0429648731,202.6198294321
0.4049051234,9.2779875023,-0.9401147304,62.919295888,196.0573140118
0.149961195,6.8902004929,0.693387192,68.9390396043,222.2840547732
0.9702014045,15.6512856636,-0.7000104914,59.9344460683,188.3032857482
0.5051686463,10.0388687126,0.7493069852,57.4438061621,188.0779534124
0.8761039597,13.4671865732,-0.7387050978,62.3046018872,195.2202801723
0.3422628785,8.7811145849,0.0206249497,68.6278813869,217.9867689095
0.0691347094,5.5532007318,-1.1711327328,64.0427841729,198.2726888548
0.8730130512,13.4222505439,0.1937732183,61.276413039,196.7981052084
0.6806417811,11.4084825655,0.8247935613,65.854409186,213.6871953643
0.2151366284,7.6338275856,0.5487382276,59.3701471431,192.8541325673
0.3816212188,9.0963230726,0.8668427107,59.2786280059,194.1700975714
0.3670867095,8.9812622992,0.5898156861,65.7370333074,212.1601783526
0.2129038794,7.610842236,-1.1592606724,62.9756518437,195.1306521688
0.8069002179,12.5995900975,-1.4967673892,49.7557940727,153.783545272
0.6192891002,10.9108427271,0.1110495749,66.8660884594,213.1535132526
0.4160270523,9.3637964632,-0.0396597807,64.5742401054,205.5244214127
0.167159592,7.1036482979,0.2809830809,60.5345881679,195.0086799079
0.7887542034,12.4063182659,0.3388384989,57.4420811593,186.0204359723
0.024069997,4.0716083729,-0.4657357598,58.1526348493,184.1292257487
0.1702651789,7.140646419,-0.3568049008,65.5242346255,206.7886793724
0.1617671624,7.0383370961,-0.549500945,57.4013033542,181.4564053379
0.923920562,14.2958421944,0.5000904217,59.4646852079,192.8945077323
0.9072901329,13.9727526751,-2.1134376342,59.0153613262,178.4788958076
0.769485927,12.2114647503,0.0237807522,62.4693898838,199.5270734121
0.3194109565,8.5919602069,1.1686249665,65.7054589666,214.9595017326
0.5347623713,10.2617407125,-1.1440846018,59.5800280004,185.019660992
0.7888069623,12.4068655919,-0.7245860444,64.1134908509,200.7175423306
0.7795497647,12.3120205636,0.6765181175,68.2054896401,219.9990595076
0.6225161841,10.9362877418,-1.7189891102,61.2672304509,187.2067458018
0.047856994,5.0020086383,0.9186717061,66.1886941647,215.1594410245
0.041836143,4.8107052671,0.6569436465,66.2522611149,214.0415015773
0.1139029874,6.3819104017,2.1179081418,60.1300598072,202.9797201308
0.2714513352,8.1747115878,-1.446934705,59.8157770211,184.2126575383
0.1333904837,6.6684814657,-0.2832010475,64.9318199884,205.3794547277
0.3520944384,8.8609838768,0.5707454917,63.6237974744,205.7251198816
0.8114438825,12.6496887828,-0.761551285,57.2087227373,179.8184117867
0.627708633,10.9773720264,-1.0579025097,73.6762602015,227.7392680561
0.9570217079,15.1513709116,-2.3503286082,62.5050550973,187.7635222506
0.5770443887,10.5830140405,-1.2087977922,64.6785870789,199.9917722756
0.3564409132,8.8960345691,1.516040047,58.0716248624,193.7950748226
0.397191497,9.2181300003,1.2998985676,64.6635047243,212.4900070108
0.8644939414,13.3022042523,1.2418407953,61.2421076824,201.9355270239
0.8170882422,12.7129726146,-0.3036703861,57.8915114553,184.1561824358
0.7221215116,11.7674664498,-0.1863915745,60.146673829,191.5080636148
0.6262444444,10.9657686724,-2.0614552563,62.5993491175,189.490771071
0.3356682239,8.7270564258,-0.9384432594,58.9944199838,184.2910436545
0.9433599918,14.7508626793,-0.0833332243,60.9308012328,194.375737577
0.7178285967,11.7292090468,0.4241611729,61.0409252081,197.243581489
0.5398778962,10.3003783266,0.7421521075,62.785874274,204.0683833594
0.9040469415,13.9148830987,-0.3451098314,62.3548169727,197.3389017611
0.6871571648,11.4634247365,-0.2133666345,60.6258767441,192.81079706
0.0707956678,5.5903276441,0.630878179,58.2541185138,189.9167464365
0.769716271,12.2137383117,-0.8828863266,57.8943222444,181.2685351002
0.5226250361,10.1702289709,-0.7326023552,51.8898984892,164.0066836916
0.5484604798,10.3653180807,0.8052354639,59.3717974097,194.1415695486
0.4194855918,9.3903711001,0.6407986994,65.1026655486,210.511990143
0.193554404,7.4053826916,-0.0378117418,62.9641400892,200.7033615585
0.8702842023,13.3832068193,0.4080583495,61.5459487938,198.6781381289
0.1642707298,7.0688321837,-1.1108303332,62.9512224778,195.2995157676
0.0905674978,5.9881943737,-2.3478773752,68.0488290957,204.4071004112
0.0061888439,2.4964310669,0.1530086971,58.3648493125,187.8595914231
0.4291910469,9.4646977866,0.1886832389,61.8839542936,198.5952790751
0.127389095,6.5835396538,-1.1402109193,66.0361550279,204.4074104871
0.8682458256,13.3544119651,-1.1044313009,61.8003197626,191.8788027835
0.4499221675,9.622426021,0.779165993,59.9408777772,195.7184632967
0.3947063901,9.1987803164,0.5328298014,57.6795542293,187.7028116949
0.4826159535,9.8692325747,-1.3277668532,64.6322679186,199.2579694899
0.3218247732,8.6121934628,-0.4396537199,61.9480165861,195.6457811586
0.9080242128,13.9860581027,1.6042107582,60.5933013606,201.8009578727
0.7379842801,11.9114302067,-0.2228346483,66.1359351253,209.2936321345
0.1181297023,6.4468352142,-0.6780725946,60.1566442606,189.079569809
0.6769431138,11.3775029796,-0.9795061991,65.4607959914,203.4848569786
0.7450143038,11.9766467151,-1.9834591296,68.8458741887,208.6203269183
0.4680287573,9.7593220102,0.3533162554,65.9159115113,211.5143158107
0.1251392325,6.5509801704,0.4646059851,67.3390202115,216.3400905603
0.5617330775,10.4660939727,1.0540292437,61.233368163,200.9702507076
0.2061369319,7.5403039308,-1.0428331085,65.7906996214,204.1579333217
0.3908108771,9.1683813022,-0.9284061354,65.9661735027,205.2564898308
0.4418795274,9.5613830857,0.4515602787,56.7391576709,184.4752744065
0.1654429687,7.083007187,2.0115597276,61.549988058,206.7077628119
0.4745830533,9.8087380005,-1.0480583743,57.3453547645,178.7957724221
0.8439287385,13.0322097476,0.2635686619,66.8899052038,213.987558921
0.0760883898,5.7043454606,-0.931442228,65.8316488694,204.8377354683
0.4124907076,9.3365722536,-0.5625504428,64.9997261495,204.1864262346
0.293147702,8.367363167,-0.1349341644,69.1466198468,218.7651887184
0.5444438632,10.3349070654,0.1885644246,63.4713184587,203.356777499
0.7259773491,11.8020753092,0.9946734852,64.1495769312,209.4220982197
0.8644792282,13.3020014824,0.4390925387,71.2410201694,227.9185232018
0.7241477408,11.7856236629,1.0300921056,66.071190424,215.3640318001
0.7974449035,12.4975881867,-1.908599075,65.4145388417,198.7006211502
0.4402087841,9.5486803165,0.179615287,58.7406496397,189.120025354
0.27717684,8.2262533779,-0.194398622,64.9724486832,205.9453529398
0.3927952452,9.1838769846,0.3154837932,58.3745469308,188.7010597582
0.0935740652,6.0428117089,-0.2142706398,60.9616042698,193.8134596105
0.0113773877,3.1674190593,0.6907237037,60.9472265846,198.295298272
0.0283754554,4.2843268707,-0.4634969495,57.7959448589,183.0703498293
0.4781883215,9.835896888,-0.6282890853,61.3547288792,192.9227412113
0.7433356259,11.9609899201,-1.8323102509,63.043923905,191.9702204605
0.5259486316,10.1952685137,0.1693883052,60.3203179347,193.8078953303
0.6696705574,11.3170109762,1.3071263487,60.211525283,199.1702075926
0.2853926921,8.299314394,-0.9128426942,59.9070481956,187.1569311161
0.2288600348,7.7721810826,1.0019022885,56.249631215,185.7584050872
0.7598572408,12.117530252,-0.1391195079,57.0610229737,182.4874713814
0.4047095308,9.2764733561,1.2945123331,63.6812287466,209.5162479052
0.391294502,9.1721598978,-0.5784705142,69.3608184137,217.1901026699
0.4651971695,9.7379538773,-1.3311005733,64.0765738982,197.574218828
0.9550103673,15.0865212869,-0.0119688096,64.8350477583,206.4452992268
0.9119168394,14.0579607919,1.3585033726,61.3355674219,202.7992191289
0.0053264957,2.3383595171,-0.3873706519,56.7194319605,180.2214426221
